{
    "confidence_score": 0.684453547000885,
    "ptm": 0.6681098341941833,
    "iptm": 0.0,
    "ligand_iptm": 0.0,
    "protein_iptm": 0.0,
    "complex_plddt": 0.688539445400238,
    "complex_iplddt": 0.0,
    "complex_pde": 0.9463372826576233,
    "complex_ipde": 0.0,
    "chains_ptm": {
        "0": 0.6681098341941833
    },
    "pair_chains_iptm": {
        "0": {
            "0": 0.6681098341941833
        }
    }
}