{
    "confidence_score": 0.9221338629722595,
    "ptm": 0.8491730690002441,
    "iptm": 0.0,
    "ligand_iptm": 0.0,
    "protein_iptm": 0.0,
    "complex_plddt": 0.9403740763664246,
    "complex_iplddt": 0.9403740763664246,
    "complex_pde": 0.3314124047756195,
    "complex_ipde": 0.0,
    "chains_ptm": {
        "0": 0.8491730690002441
    },
    "pair_chains_iptm": {
        "0": {
            "0": 0.8491730690002441
        }
    }
}