{
    "confidence_score": 0.9267144203186035,
    "ptm": 0.7891201376914978,
    "iptm": 0.0,
    "ligand_iptm": 0.0,
    "protein_iptm": 0.0,
    "complex_plddt": 0.9611129760742188,
    "complex_iplddt": 0.0,
    "complex_pde": 0.29741403460502625,
    "complex_ipde": 0.0,
    "chains_ptm": {
        "0": 0.7891201376914978
    },
    "pair_chains_iptm": {
        "0": {
            "0": 0.7891201376914978
        }
    }
}