{
    "confidence_score": 0.9278604388237,
    "ptm": 0.760870099067688,
    "iptm": 0.0,
    "ligand_iptm": 0.0,
    "protein_iptm": 0.0,
    "complex_plddt": 0.9696080684661865,
    "complex_iplddt": 0.9696080684661865,
    "complex_pde": 0.3017379343509674,
    "complex_ipde": 0.0,
    "chains_ptm": {
        "0": 0.760870099067688
    },
    "pair_chains_iptm": {
        "0": {
            "0": 0.760870099067688
        }
    }
}