{
    "confidence_score": 0.8782310485839844,
    "ptm": 0.7385978698730469,
    "iptm": 0.0,
    "ligand_iptm": 0.0,
    "protein_iptm": 0.0,
    "complex_plddt": 0.9131393432617188,
    "complex_iplddt": 0.0,
    "complex_pde": 0.4073600172996521,
    "complex_ipde": 0.0,
    "chains_ptm": {
        "0": 0.7385978698730469
    },
    "pair_chains_iptm": {
        "0": {
            "0": 0.7385978698730469
        }
    }
}